Singapore,
緯度,經度
1.383291,103.990536
1.369864,103.997945
1.355282,103.994136
1.344164,103.984972
1.320836,103.959972
1.259027,103.841918
1.259445,103.798309
1.304654,103.646918
1.318336,103.640945
1.331391,103.643309
1.393191,103.671082
1.403609,103.677745
1.411109,103.6844
1.423609,103.699136
1.429445,103.713591
1.445,103.804136
1.445282,103.8172
1.443609,103.829418
1.434718,103.848309
1.417218,103.879409
1.4075,103.894009
1.387218,103.967745
